x,y
0.1,1.9329159587759959
0.10100100100100101,2.2420871227910713
0.102002002002002,2.0224139903628977
0.10300300300300301,1.692315051114576
0.104004004004004,1.6720253167807164
0.10500500500500501,2.451252586105751
0.10600600600600601,2.216626303212522
0.10700700700700701,1.6144828834674296
0.10800800800800801,1.5729825968747813
0.10900900900900902,1.4965129177754004
0.11001001001001001,1.8655842686416628
0.11101101101101102,1.7031965875974546
0.11201201201201202,1.7022349825612473
0.11301301301301302,2.2657106493645442
0.11401401401401402,1.4862666319514295
0.11501501501501502,1.4722868957606958
0.11601601601601602,1.9332591033514217
0.11701701701701703,1.5771663585325641
0.11801801801801802,2.5193703368579876
0.11901901901901903,1.6527403321166392
0.12002002002002002,1.7982536557618412
0.12102102102102102,1.4865365755512032
0.12202202202202203,1.952695834403919
0.12302302302302304,2.7312523949000536
0.12402402402402403,2.1846980851339093
0.12502502502502502,2.1464062632656318
0.12602602602602603,1.980397504316047
0.12702702702702703,2.3988778039482783
0.12802802802802804,1.5870331160995992
0.12902902902902902,2.6669990811795863
0.13003003003003002,2.3375089462607317
0.13103103103103103,1.6951018497867811
0.13203203203203204,1.3951809613840997
0.13303303303303304,2.387407813346781
0.13403403403403402,2.1321879669876718
0.13503503503503506,1.6633750636574325
0.13603603603603603,2.010815938527207
0.13703703703703704,2.744221803209517
0.13803803803803805,2.495569401436566
0.13903903903903905,1.6619975162910505
0.14004004004004006,2.099017895504946
0.14104104104104104,2.3952971404332946
0.14204204204204204,1.984485339679607
0.14304304304304305,2.3441275990794366
0.14404404404404406,2.2213553360777714
0.14504504504504506,2.2645662751412217
0.14604604604604604,2.377413012439986
0.14704704704704705,2.075147241001342
0.14804804804804805,1.9601007975947904
0.14904904904904906,1.3430771464163422
0.15005005005005007,2.095595090828974
0.15105105105105104,2.289195196870005
0.15205205205205205,2.239617744635172
0.15305305305305306,1.9974240344287664
0.15405405405405406,1.5377262462751617
0.15505505505505507,2.3338237271245363
0.15605605605605605,2.457958636529101
0.15705705705705705,1.8686923336466748
0.15805805805805806,2.0435177725262577
0.15905905905905907,2.379924046995302
0.16006006006006007,2.5172961199879733
0.16106106106106105,2.502090869024903
0.16206206206206208,2.2147696021636567
0.16306306306306306,1.4213981021769997
0.16406406406406407,2.263276484594747
0.16506506506506508,1.7868059138090757
0.16606606606606605,2.192144800407379
0.1670670670670671,2.0143967058575787
0.16806806806806807,2.3090361999700937
0.16906906906906907,1.5924642315639679
0.17007007007007008,2.2653771126629882
0.17107107107107106,1.3586343046458027
0.1720720720720721,2.077850118129673
0.17307307307307307,2.370674910567219
0.17407407407407408,2.5221875433874783
0.17507507507507508,2.108809836250301
0.1760760760760761,2.869460199285278
0.1770770770770771,2.436913256072483
0.17807807807807807,2.2200049573804064
0.17907907907907908,1.999951899083793
0.18008008008008008,2.449493251167704
0.1810810810810811,2.660479553731766
0.1820820820820821,2.4483054318834045
0.18308308308308308,1.7788837469715206
0.18408408408408408,1.9876457770395088
0.1850850850850851,2.070354630480601
0.1860860860860861,1.771503865104243
0.1870870870870871,1.7949007807541442
0.18808808808808808,1.4647279921949259
0.1890890890890891,1.86903480798278
0.1900900900900901,1.5579495391504765
0.1910910910910911,2.2818855914789835
0.1920920920920921,1.667194529505907
0.19309309309309308,2.4651710537045397
0.19409409409409412,2.0050408946692158
0.1950950950950951,2.3185486594844384
0.1960960960960961,2.468901844314946
0.1970970970970971,2.0199456795973485
0.19809809809809809,1.834440268082421
0.19909909909909912,2.193683303895872
0.2001001001001001,2.2067196780110283
0.2011011011011011,2.248514987283534
0.2021021021021021,2.025606174988365
0.2031031031031031,2.5103536086218066
0.20410410410410412,1.901477556938873
0.2051051051051051,1.7001677167324867
0.2061061061061061,2.72643323924242
0.2071071071071071,1.8040832584836752
0.20810810810810812,2.5798031134201547
0.20910910910910913,1.6503829786333304
0.2101101101101101,1.8873543958335446
0.2111111111111111,2.8047532318545394
0.21211211211211212,2.179565847178796
0.21311311311311312,2.7038211865504245
0.21411411411411413,2.004482823644697
0.2151151151151151,2.1593382202614793
0.2161161161161161,2.9677829560021096
0.21711711711711712,2.2462788560464295
0.21811811811811813,2.2799806941511593
0.21911911911911913,2.590956881651437
0.2201201201201201,2.558689396946282
0.22112112112112114,2.333005745964041
0.22212212212212212,1.7874950067581588
0.22312312312312313,2.256806145952684
0.22412412412412414,2.5821489577539194
0.22512512512512514,2.4643873214140837
0.22612612612612612,2.219535836700059
0.22712712712712713,2.1794528212713606
0.22812812812812813,2.4241654725066764
0.22912912912912914,2.6220541708315146
0.23013013013013014,2.4690713803766653
0.23113113113113112,2.1980987504629237
0.23213213213213213,2.1291255051065257
0.23313313313313314,2.278117191165529
0.23413413413413414,2.478114590303546
0.23513513513513515,2.2740965112537777
0.23613613613613613,1.8401995711075454
0.23713713713713713,1.787542130320872
0.23813813813813814,1.9904304690338548
0.23913913913913915,2.993790085389461
0.24014014014014015,2.4321373170224354
0.24114114114114116,2.78831407297002
0.24214214214214214,2.1567825288192983
0.24314314314314314,2.270767846685121
0.24414414414414415,2.2092964389900183
0.24514514514514515,2.6233769114625467
0.24614614614614616,2.339873841378652
0.24714714714714714,2.823852702793044
0.24814814814814815,1.9792555164249643
0.24914914914914915,2.6941191810710583
0.2501501501501502,2.077308785564984
0.25115115115115116,2.3064256015934643
0.25215215215215214,2.9458865888954797
0.2531531531531531,2.7314207148461223
0.25415415415415415,2.9869949891311323
0.2551551551551552,2.6110070887547727
0.25615615615615617,1.8162225805195369
0.25715715715715715,2.528898467480174
0.2581581581581581,2.394726644506493
0.25915915915915916,2.6342564929062586
0.2601601601601602,2.2988481405531083
0.26116116116116117,2.134352111271414
0.26216216216216215,2.748214856781845
0.2631631631631631,2.3054706005223005
0.26416416416416416,2.7361889654849363
0.2651651651651652,2.565472090693974
0.2661661661661662,2.1611742641138925
0.26716716716716715,2.586774445630838
0.26816816816816813,1.7362914349262302
0.26916916916916916,2.7084221829504807
0.2701701701701702,2.512608377772937
0.2711711711711712,3.088270724696619
0.27217217217217216,2.036427912394183
0.2731731731731732,1.9479260510520384
0.27417417417417417,2.2140247987083064
0.2751751751751752,2.2432562688325715
0.2761761761761762,2.6091326906353216
0.27717717717717716,2.1249160806825023
0.2781781781781782,1.8768744329859093
0.27917917917917917,2.6122380361992814
0.2801801801801802,2.7025758789583914
0.2811811811811812,1.676615124846973
0.28218218218218216,2.3010229600611063
0.2831831831831832,2.563758973497909
0.28418418418418423,2.840172673402714
0.2851851851851852,1.86490652336889
0.2861861861861862,2.4580342192544244
0.28718718718718717,2.508143453001286
0.2881881881881882,2.0918863673940944
0.28918918918918923,2.644948600460877
0.2901901901901902,2.5045476186608644
0.2911911911911912,2.732065441451847
0.29219219219219217,1.8154151097689148
0.2931931931931932,2.3378182791129114
0.29419419419419424,2.046031557444283
0.2951951951951952,2.2697614992532613
0.2961961961961962,2.8345619836054676
0.29719719719719717,2.1190804177026465
0.2981981981981982,2.107378134380682
0.29919919919919924,2.4954036512395934
0.3002002002002002,2.595436925602241
0.3012012012012012,2.568777343482297
0.3022022022022022,2.0739782852088195
0.3032032032032032,2.9852856462133275
0.30420420420420424,2.1113274654419136
0.3052052052052052,2.6090305292735825
0.3062062062062062,2.5519788584268768
0.3072072072072072,1.9765352475883888
0.3082082082082082,2.54712890534138
0.30920920920920925,2.410344422455441
0.3102102102102102,2.3738922151235817
0.3112112112112112,3.279950229105351
0.3122122122122122,2.6312320448882236
0.3132132132132132,2.424605279608793
0.31421421421421425,2.8886309237915824
0.3152152152152152,2.1223249167388776
0.3162162162162162,2.027836440977611
0.3172172172172172,2.876919925777212
0.3182182182182182,3.1505054789516427
0.31921921921921925,2.499929263961844
0.32022022022022023,2.3027587726916505
0.3212212212212212,3.264780816316546
0.3222222222222222,2.534539200126046
0.3232232232232232,2.6519635322406185
0.32422422422422426,3.208945757590234
0.32522522522522523,2.8470956801197467
0.3262262262262262,2.5855268014944905
0.3272272272272272,2.9093238466935776
0.3282282282282282,3.0208326681485596
0.32922922922922926,2.0077560644106214
0.33023023023023024,2.983178774741355
0.3312312312312312,2.533188352712009
0.3322322322322322,2.664791437746981
0.33323323323323323,2.568981712373277
0.33423423423423426,3.48579219522696
0.33523523523523524,1.999982131228622
0.3362362362362362,2.5225730275713927
0.33723723723723725,2.6079441492103075
0.33823823823823823,3.0239108541051913
0.33923923923923927,2.18992387156365
0.34024024024024024,2.6334521982274843
0.3412412412412412,3.0088666243012145
0.34224224224224226,2.3453823181516094
0.34324324324324323,2.2964022049665602
0.34424424424424427,3.0710404376314866
0.34524524524524525,2.6804314133295133
0.3462462462462462,2.9567881582516304
0.34724724724724726,1.785272897078141
0.3482482482482483,1.9773841560559817
0.34924924924924927,2.065845526896284
0.35025025025025025,2.729721268726898
0.35125125125125123,2.4702064307130085
0.3522522522522522,2.0052972454612683
0.3532532532532533,3.2023841023291535
0.3542542542542543,2.6862654782700557
0.35525525525525525,2.584602836051247
0.35625625625625623,2.8001680928175814
0.3572572572572572,2.6576453413881422
0.3582582582582583,2.0664122448976405
0.3592592592592593,2.862768167230487
0.36026026026026026,3.527958862827788
0.36126126126126124,2.0466069759957906
0.3622622622622622,2.6789109133693074
0.3632632632632633,2.4645691394465605
0.3642642642642643,2.99134257010677
0.36526526526526526,2.5582452902390997
0.36626626626626624,3.3389335817496812
0.3672672672672672,1.9022863054327461
0.3682682682682683,1.7086972839934962
0.3692692692692693,2.9707050411611435
0.37027027027027026,2.4326351415806853
0.37127127127127124,2.839439259803133
0.3722722722722722,2.880690065800976
0.3732732732732733,3.261134136873036
0.3742742742742743,1.9461509026926809
0.37527527527527527,2.731795157281465
0.37627627627627624,2.2508600089430395
0.37727727727727733,2.5097427830248518
0.3782782782782783,2.925472348362746
0.3792792792792793,3.1278686049092492
0.38028028028028027,2.939829619758225
0.38128128128128125,2.7089874895264514
0.38228228228228234,1.957093698777105
0.3832832832832833,3.096664059305856
0.3842842842842843,3.2258270597583745
0.3852852852852853,2.356148546784376
0.38628628628628625,1.9623166819154279
0.38728728728728734,2.621947065643066
0.3882882882882883,3.0756386418818495
0.3892892892892893,2.869815170608323
0.3902902902902903,2.365108263622596
0.39129129129129125,2.5292275697025333
0.39229229229229234,2.7386241902068917
0.3932932932932933,3.3015718285760802
0.3942942942942943,3.301351695122642
0.3952952952952953,2.956883463835963
0.39629629629629626,2.7990646051249644
0.39729729729729735,3.0382236810586627
0.3982982982982983,2.408878156364325
0.3992992992992993,3.0439660992084048
0.4003003003003003,2.334632895901038
0.40130130130130126,2.6511678300787382
0.40230230230230235,2.272810469652809
0.40330330330330333,2.8504391918806156
0.4043043043043043,2.6945973127397362
0.4053053053053053,1.9430530944216882
0.40630630630630626,2.6931264552705416
0.40730730730730735,3.2241326185630568
0.40830830830830833,3.0510735449956674
0.4093093093093093,2.1176448512643264
0.4103103103103103,3.3322879507025953
0.41131131131131127,2.6073869389306785
0.41231231231231236,2.9737800650699264
0.41331331331331334,2.9665899918973118
0.4143143143143143,2.863340954365282
0.4153153153153153,1.8121674562838233
0.41631631631631627,2.421360536832593
0.41731731731731736,2.519498548364308
0.41831831831831834,2.7390267522820597
0.4193193193193193,2.7380533313445508
0.4203203203203203,3.441322963036489
0.4213213213213213,2.5956416065807906
0.42232232232232236,2.6382086244415226
0.42332332332332334,2.8152826858545117
0.4243243243243243,2.008572365834517
0.4253253253253253,2.2202519388832602
0.4263263263263263,3.7878589810792445
0.42732732732732737,2.548190124035802
0.42832832832832834,3.000417140029174
0.4293293293293293,2.8118636432929933
0.4303303303303303,3.1752975956524496
0.4313313313313313,3.1309668997586213
0.43233233233233237,2.881257595942815
0.43333333333333335,3.0275560807642146
0.4343343343343343,2.97848187377281
0.4353353353353353,2.6249386281036817
0.4363363363363363,2.575202199088084
0.4373373373373374,2.6939002558365117
0.43833833833833835,3.0568104101352542
0.43933933933933933,2.7676960521362193
0.4403403403403403,3.029862274071913
0.4413413413413414,3.0764154415490568
0.4423423423423424,2.8374216821686815
0.44334334334334335,2.0842295867283167
0.44434434434434433,2.517114154894703
0.4453453453453453,3.1712385674581807
0.4463463463463464,2.745129539850843
0.4473473473473474,3.354791477882469
0.44834834834834836,2.6059683841768537
0.44934934934934934,2.680373771289384
0.4503503503503503,2.571968659247272
0.4513513513513514,2.6183609433318003
0.4523523523523524,2.527922204215822
0.45335335335335336,2.6333756420385708
0.45435435435435434,3.277760597938322
0.4553553553553553,2.5684892354597224
0.4563563563563564,3.0069054326162847
0.4573573573573574,2.337082958343717
0.45835835835835836,3.0129696763223017
0.45935935935935934,3.0728941835077332
0.4603603603603603,2.6440333292814233
0.4613613613613614,2.7097799333134955
0.4623623623623624,3.237617104049475
0.46336336336336337,2.5133132129659184
0.46436436436436435,2.8588890849014947
0.4653653653653653,3.1951178283420125
0.4663663663663664,2.711367302136372
0.4673673673673674,2.572244383775273
0.46836836836836837,2.2199798227076863
0.46936936936936935,3.025606011182693
0.4703703703703703,3.288864252552966
0.4713713713713714,2.6133186160358677
0.4723723723723724,3.4637498940760034
0.4733733733733734,3.03270996228027
0.47437437437437435,3.4853122098504343
0.47537537537537533,3.5616126574612483
0.4763763763763764,2.1274249221525827
0.4773773773773774,3.484462121125588
0.4783783783783784,2.876397136105588
0.47937937937937936,2.8935239673061672
0.48038038038038033,2.3773083419945964
0.4813813813813814,3.2524857876275446
0.4823823823823824,3.159713990818194
0.4833833833833834,1.9892765108605546
0.48438438438438436,3.253799525654797
0.48538538538538534,2.9924400860690756
0.4863863863863864,2.583595518863915
0.4873873873873874,2.7529474316156293
0.4883883883883884,2.7070456141719528
0.48938938938938936,3.092901010404933
0.49039039039039034,3.515833108353739
0.49139139139139143,3.346951660354883
0.4923923923923924,3.4014000185281175
0.4933933933933934,3.885012554364736
0.49439439439439437,2.6401381602259586
0.49539539539539534,2.7166020433860205
0.49639639639639643,3.3717204888173704
0.4973973973973974,2.843572062243535
0.4983983983983984,2.888649223300311
0.49939939939939937,3.572091600334508
0.5004004004004003,2.779922829892401
0.5014014014014014,2.7482134245982026
0.5024024024024024,2.8184653489827127
0.5034034034034034,3.869805536531427
0.5044044044044044,2.653993385993274
0.5054054054054055,3.4570410749183025
0.5064064064064064,2.442185596941196
0.5074074074074074,2.96949351683876
0.5084084084084084,3.749914669781279
0.5094094094094094,2.9301309013510988
0.5104104104104105,2.6888520949732104
0.5114114114114114,2.519521910348898
0.5124124124124124,2.967425372523826
0.5134134134134134,2.9953777081420827
0.5144144144144144,3.802924948150198
0.5154154154154155,2.726031517763465
0.5164164164164164,3.210399594913166
0.5174174174174174,3.1692053897778374
0.5184184184184184,3.3380215456481612
0.5194194194194194,3.2044808281454116
0.5204204204204205,3.276219747682228
0.5214214214214214,3.047428140573489
0.5224224224224224,2.4688771639343488
0.5234234234234234,3.1140427742376513
0.5244244244244244,3.684598707621199
0.5254254254254255,3.706046587384642
0.5264264264264265,2.1348072614132074
0.5274274274274274,2.7216336647239925
0.5284284284284284,2.302312742514353
0.5294294294294294,2.937232131228902
0.5304304304304305,3.5927545470103093
0.5314314314314315,2.831864675041614
0.5324324324324324,2.762075304280883
0.5334334334334334,2.692235066468439
0.5344344344344344,2.549057203722467
0.5354354354354355,3.4536480416775395
0.5364364364364365,3.7697033560775695
0.5374374374374374,3.033200086395492
0.5384384384384384,2.5861479334087365
0.5394394394394394,2.432799178486994
0.5404404404404405,2.752657575413572
0.5414414414414415,4.181871922876303
0.5424424424424424,2.9021277436046766
0.5434434434434434,2.7483327328678255
0.5444444444444444,3.9449292849181425
0.5454454454454455,3.1224105501384956
0.5464464464464465,4.080099271117223
0.5474474474474474,2.7319365711470494
0.5484484484484484,2.4631194337895415
0.5494494494494494,3.026895101142099
0.5504504504504505,3.3946600393474395
0.5514514514514515,3.877279353766929
0.5524524524524524,3.59739393027324
0.5534534534534534,3.4639338662408865
0.5544544544544544,3.0247123465129633
0.5554554554554555,3.889287603920249
0.5564564564564565,3.5681251349060874
0.5574574574574575,3.223953353656883
0.5584584584584584,2.9300863888953153
0.5594594594594594,3.263831867025034
0.5604604604604605,3.9566688820068405
0.5614614614614615,2.9214443462871302
0.5624624624624625,2.7555676811072276
0.5634634634634634,3.1540452740289786
0.5644644644644644,4.0618463257456625
0.5654654654654655,2.3998717402760894
0.5664664664664665,3.2767881409985975
0.5674674674674675,3.026691672379654
0.5684684684684684,3.741369171637306
0.5694694694694695,2.7035041390742562
0.5704704704704705,3.1057514362181413
0.5714714714714715,3.0696138393084786
0.5724724724724725,3.3066499717598736
0.5734734734734734,3.9502996673997437
0.5744744744744745,3.2476093612878407
0.5754754754754755,3.1070072839467
0.5764764764764765,3.555062085233182
0.5774774774774775,2.6740190492355835
0.5784784784784784,3.8349867513534983
0.5794794794794795,4.344497166350887
0.5804804804804805,2.869165397970694
0.5814814814814815,2.632680382721856
0.5824824824824825,3.860628828908955
0.5834834834834834,3.4742275284893993
0.5844844844844845,4.189879271939211
0.5854854854854855,3.1693921110434276
0.5864864864864865,2.549602466139902
0.5874874874874875,3.5941871061338273
0.5884884884884884,3.790217029986376
0.5894894894894895,2.7560598702975945
0.5904904904904905,3.9845321291544002
0.5914914914914915,3.6946555890303965
0.5924924924924925,3.6286821789409807
0.5934934934934935,3.5143283085618844
0.5944944944944945,3.861043623021421
0.5954954954954955,3.77740620326902
0.5964964964964965,2.6921259934077924
0.5974974974974975,3.0761657837843357
0.5984984984984985,2.8193619193875876
0.5994994994994995,2.333816684206245
0.6005005005005005,3.587349582023512
0.6015015015015015,3.1843574465157634
0.6025025025025025,4.235059081067761
0.6035035035035035,4.090518780993472
0.6045045045045044,3.4457275866139514
0.6055055055055055,3.823973470107178
0.6065065065065065,3.3803186108311856
0.6075075075075075,3.291815233982071
0.6085085085085085,3.8642178937914253
0.6095095095095094,2.463781197510945
0.6105105105105105,3.571167687777975
0.6115115115115115,3.6020889814053243
0.6125125125125125,3.3804118036102833
0.6135135135135135,3.465051934962214
0.6145145145145144,2.882828828318461
0.6155155155155155,3.7883938511461426
0.6165165165165165,3.283210197250856
0.6175175175175175,2.7596481658089087
0.6185185185185185,3.416570999071477
0.6195195195195194,2.616693367865988
0.6205205205205205,3.5864822268255994
0.6215215215215215,2.4346628059501247
0.6225225225225225,3.221516080646069
0.6235235235235235,3.0644204025928965
0.6245245245245244,2.777678660838837
0.6255255255255255,3.7380813011576435
0.6265265265265265,3.4262889633045965
0.6275275275275275,3.5914985968866637
0.6285285285285285,2.9749954501138136
0.6295295295295295,4.032911321390663
0.6305305305305305,2.650798669110118
0.6315315315315315,3.383271535238541
0.6325325325325325,3.493369101391509
0.6335335335335335,4.210951360227985
0.6345345345345345,3.3862659063024356
0.6355355355355355,3.9647871041421956
0.6365365365365365,3.1872475181269353
0.6375375375375375,3.8009430950705774
0.6385385385385385,4.435016162710918
0.6395395395395395,3.02006440350399
0.6405405405405405,3.670621929989667
0.6415415415415415,4.578448347632926
0.6425425425425425,3.290990300238935
0.6435435435435435,3.302003073819512
0.6445445445445445,3.0420723906921046
0.6455455455455456,3.578370541747314
0.6465465465465465,2.8501378428967215
0.6475475475475475,3.945410066844791
0.6485485485485485,3.430929883502105
0.6495495495495496,3.7620572021748013
0.6505505505505506,4.112596660157554
0.6515515515515515,3.427326622085392
0.6525525525525525,3.7549221022639
0.6535535535535535,4.047181281891244
0.6545545545545546,3.228815411033626
0.6555555555555556,4.659500581367707
0.6565565565565565,2.9162944236984174
0.6575575575575575,3.9904090805309886
0.6585585585585585,3.166135568143001
0.6595595595595596,3.4645348285492323
0.6605605605605606,3.108282094684539
0.6615615615615615,4.174926499008966
0.6625625625625625,4.340622009968594
0.6635635635635635,3.983723462140868
0.6645645645645646,3.207293449908344
0.6655655655655656,4.555571422077914
0.6665665665665665,3.2745012325835865
0.6675675675675675,3.341675339684144
0.6685685685685685,2.9136317043551423
0.6695695695695696,4.021727682902156
0.6705705705705706,3.38954330799833
0.6715715715715715,3.6374744792096605
0.6725725725725725,3.2319668735187856
0.6735735735735735,2.7451295138064196
0.6745745745745746,3.0661407852240554
0.6755755755755756,3.349268499856364
0.6765765765765765,3.170126174195837
0.6775775775775775,3.108457287815584
0.6785785785785785,3.392552212060264
0.6795795795795796,3.9351482814080403
0.6805805805805806,4.381865835369908
0.6815815815815816,2.8557846455760174
0.6825825825825825,3.9998983734640734
0.6835835835835835,4.491149726703655
0.6845845845845846,2.691311892237483
0.6855855855855856,3.3153590028012774
0.6865865865865866,2.854156943186517
0.6875875875875875,2.982745419170897
0.6885885885885885,4.6764770719345
0.6895895895895896,3.345179830215993
0.6905905905905906,3.076059244871474
0.6915915915915916,3.691106309098931
0.6925925925925925,2.907894987012699
0.6935935935935935,3.7308018638484644
0.6945945945945946,3.134284421680406
0.6955955955955956,3.5167212093545697
0.6965965965965966,3.722749520629597
0.6975975975975975,2.8335737362874607
0.6985985985985985,4.163737046017509
0.6995995995995996,4.129927792094822
0.7006006006006006,2.879206356077308
0.7016016016016016,3.2047662367881817
0.7026026026026025,3.187423264488519
0.7036036036036035,3.545485670871023
0.7046046046046046,3.192473065470531
0.7056056056056056,3.7207752201601956
0.7066066066066066,4.546516159322929
0.7076076076076075,4.7003863780712205
0.7086086086086086,4.675674820786915
0.7096096096096096,3.958679442739661
0.7106106106106106,3.7232830599432853
0.7116116116116116,4.2778534733705085
0.7126126126126126,3.918030792167039
0.7136136136136136,3.6233646176181855
0.7146146146146146,3.832278941604784
0.7156156156156156,2.790904107460439
0.7166166166166166,3.3290443729056167
0.7176176176176176,4.712705260217888
0.7186186186186186,3.2758487331334574
0.7196196196196196,3.986237042046591
0.7206206206206206,3.5480014745340642
0.7216216216216216,3.399413773909486
0.7226226226226226,3.7691347291418724
0.7236236236236236,3.3691599610752574
0.7246246246246246,4.192411325029278
0.7256256256256256,4.291946578431483
0.7266266266266266,2.9159818764393184
0.7276276276276276,4.665667973126111
0.7286286286286286,2.88972473457323
0.7296296296296296,3.870566804193981
0.7306306306306306,2.789604895304937
0.7316316316316316,4.175423242001599
0.7326326326326326,3.4154223210537356
0.7336336336336337,3.4616594251853092
0.7346346346346346,4.233351787059458
0.7356356356356356,3.649412012829239
0.7366366366366366,3.63329612674589
0.7376376376376376,4.576293775832724
0.7386386386386387,3.2445989222362908
0.7396396396396396,3.8043471675191167
0.7406406406406406,3.657618782272054
0.7416416416416416,3.4938972586620918
0.7426426426426426,4.875863418964929
0.7436436436436437,3.64446933582546
0.7446446446446446,4.066698315351687
0.7456456456456456,4.853120769670225
0.7466466466466466,2.996602593247184
0.7476476476476476,3.96157482497478
0.7486486486486487,4.029292040268921
0.7496496496496496,3.4716900345432258
0.7506506506506506,4.607147794267917
0.7516516516516516,4.105778331514742
0.7526526526526526,3.8946049514607695
0.7536536536536537,4.183498700102461
0.7546546546546546,4.718862387027001
0.7556556556556556,4.916362158398874
0.7566566566566566,3.5152039488309086
0.7576576576576576,4.373158791185636
0.7586586586586587,3.8157807098126337
0.7596596596596596,3.6952655436859505
0.7606606606606606,3.5039069140724246
0.7616616616616616,4.647337451129824
0.7626626626626626,3.8345674132485357
0.7636636636636637,3.2554985504806853
0.7646646646646647,5.039776833252796
0.7656656656656656,3.334248400017403
0.7666666666666666,3.7738218488511404
0.7676676676676676,4.881467799008463
0.7686686686686687,3.686851454380869
0.7696696696696697,3.8450470751957306
0.7706706706706706,4.678552642635145
0.7716716716716716,4.261836951897078
0.7726726726726726,3.5036118865009107
0.7736736736736737,4.984927269420867
0.7746746746746747,4.618332894995587
0.7756756756756756,3.823896426061841
0.7766766766766766,4.669753546003433
0.7776776776776777,3.810809198557897
0.7786786786786787,3.9352361782973446
0.7796796796796797,3.347544833103168
0.7806806806806806,4.423973879607359
0.7816816816816816,3.429421083796849
0.7826826826826827,3.6515539031134168
0.7836836836836837,3.658672689525263
0.7846846846846847,4.38736723454214
0.7856856856856856,3.857188670245309
0.7866866866866866,4.841989728547861
0.7876876876876877,3.8392089589194445
0.7886886886886887,4.404158853675796
0.7896896896896897,4.9695704458902386
0.7906906906906906,3.6363370506117754
0.7916916916916916,5.133967559534059
0.7926926926926927,4.5650362320432425
0.7936936936936937,4.33833879248863
0.7946946946946947,3.8877709018582323
0.7956956956956956,3.709989443296758
0.7966966966966966,3.994864271316409
0.7976976976976977,5.0220970218826535
0.7986986986986987,3.7043558930731706
0.7996996996996997,4.103125418808692
0.8007007007007007,4.970372997299626
0.8017017017017016,4.34114641729085
0.8027027027027027,3.185482705098048
0.8037037037037037,3.6732764120861643
0.8047047047047047,4.381150195524388
0.8057057057057057,4.827351984913012
0.8067067067067066,3.5805680797036192
0.8077077077077077,3.2012436946876495
0.8087087087087087,3.8383446770053373
0.8097097097097097,4.334656638725547
0.8107107107107107,4.664955784880101
0.8117117117117116,4.043187796924122
0.8127127127127127,3.871138752122357
0.8137137137137137,4.298091623016955
0.8147147147147147,5.094726369200178
0.8157157157157157,3.6832495487142056
0.8167167167167166,3.600071175095282
0.8177177177177177,4.19268524955895
0.8187187187187187,4.190349726157294
0.8197197197197197,4.775270336452795
0.8207207207207207,3.7073752883331443
0.8217217217217216,4.120766884254568
0.8227227227227227,4.144631935957268
0.8237237237237237,4.864902738179567
0.8247247247247247,3.580833781871119
0.8257257257257257,3.832267725087294
0.8267267267267266,5.457159518741338
0.8277277277277277,4.791927471290601
0.8287287287287287,5.042798371353742
0.8297297297297297,5.473869239952259
0.8307307307307307,3.378233723747041
0.8317317317317316,4.779797292594495
0.8327327327327327,4.262731142595072
0.8337337337337337,4.5881331292019905
0.8347347347347347,4.708714541479794
0.8357357357357357,4.022126060632218
0.8367367367367368,4.134426196684883
0.8377377377377377,4.538278655856386
0.8387387387387387,3.94215221351435
0.8397397397397397,4.373490973368342
0.8407407407407407,4.218441883189359
0.8417417417417418,3.343133044184449
0.8427427427427427,4.626456353917499
0.8437437437437437,4.143700517246572
0.8447447447447447,5.193595310171243
0.8457457457457457,4.478660066822574
0.8467467467467468,5.7943497649263636
0.8477477477477477,4.698547175299525
0.8487487487487487,4.735217225164934
0.8497497497497497,4.488239990222148
0.8507507507507507,4.8832538110511
0.8517517517517518,3.9495147645027053
0.8527527527527528,5.313495092081776
0.8537537537537537,3.4908248309700136
0.8547547547547547,4.672075340357103
0.8557557557557557,5.314889430882371
0.8567567567567568,3.447649390074173
0.8577577577577578,4.740439720064264
0.8587587587587587,4.157555290629265
0.8597597597597597,4.0325298253593695
0.8607607607607607,4.464141789503542
0.8617617617617618,4.007827823768876
0.8627627627627628,4.38548110168011
0.8637637637637637,3.9994955624049258
0.8647647647647647,3.8521837679087807
0.8657657657657657,4.87546142560699
0.8667667667667668,5.142293115874019
0.8677677677677678,5.190060232098781
0.8687687687687687,4.287917182078237
0.8697697697697697,3.4361771628902984
0.8707707707707707,5.767377763719327
0.8717717717717718,5.376672896267693
0.8727727727727728,4.046843626752617
0.8737737737737737,4.0607088261186615
0.8747747747747747,4.630834286638561
0.8757757757757757,4.654292830182773
0.8767767767767768,4.638736795492698
0.8777777777777778,4.643932987339042
0.8787787787787787,3.6197884506490126
0.8797797797797797,4.814805582040127
0.8807807807807807,3.7002093561404923
0.8817817817817818,4.856797077837733
0.8827827827827828,5.125460487776458
0.8837837837837837,3.778172637066713
0.8847847847847847,5.39338724920421
0.8857857857857857,5.487812723375539
0.8867867867867868,4.633494440844826
0.8877877877877878,4.604515799002786
0.8887887887887888,4.231623427976532
0.8897897897897897,5.055800803851586
0.8907907907907907,4.6696698744224525
0.8917917917917918,4.762745664737456
0.8927927927927928,3.6177670224410217
0.8937937937937938,5.005627201023753
0.8947947947947947,3.50269153295018
0.8957957957957957,5.802218042693896
0.8967967967967968,4.5084686780774454
0.8977977977977978,6.055452353490706
0.8987987987987988,4.827595805518728
0.8997997997997997,4.991078475630818
0.9008008008008007,3.6881393187275666
0.9018018018018018,4.645172877746305
0.9028028028028028,4.168282405127426
0.9038038038038038,4.664758843602718
0.9048048048048047,4.602252126833175
0.9058058058058058,5.248172814001439
0.9068068068068068,4.833626984712936
0.9078078078078078,6.135014763793291
0.9088088088088088,3.886653586539289
0.9098098098098097,5.15524943952814
0.9108108108108108,4.0787484643419845
0.9118118118118118,4.4691782871252475
0.9128128128128128,5.583671925204816
0.9138138138138138,4.686070588408042
0.9148148148148147,3.9336163494084344
0.9158158158158158,3.88693835148031
0.9168168168168168,5.197067966595867
0.9178178178178178,4.437477397586417
0.9188188188188188,4.247409885891393
0.9198198198198198,4.097756198124494
0.9208208208208208,4.695828707843681
0.9218218218218218,3.7487126308486753
0.9228228228228228,4.371626458350252
0.9238238238238238,4.255642912864089
0.9248248248248248,4.855623568371648
0.9258258258258258,4.512229247033825
0.9268268268268268,6.065320529161596
0.9278278278278278,4.525353173374689
0.9288288288288288,5.8575303959079985
0.9298298298298298,3.9588000684639084
0.9308308308308308,5.685161792958677
0.9318318318318318,5.0793861471130874
0.9328328328328328,3.766626536605095
0.9338338338338338,3.6733616650918677
0.9348348348348348,4.5500254858283675
0.9358358358358358,4.011666504450821
0.9368368368368368,5.104849441227818
0.9378378378378378,6.079128659274378
0.9388388388388388,4.592402035273787
0.9398398398398398,5.654556823091735
0.9408408408408409,3.764397807220406
0.9418418418418418,4.782632662167532
0.9428428428428428,4.32408317312059
0.9438438438438438,4.589243879863712
0.9448448448448448,5.169463741295373
0.9458458458458459,4.712417053234853
0.9468468468468468,4.823478655047762
0.9478478478478478,5.243277392880826
0.9488488488488488,4.90988583601886
0.9498498498498498,4.6999231697192885
0.9508508508508509,4.868121056907128
0.9518518518518518,4.668970110921768
0.9528528528528528,4.600289394510611
0.9538538538538538,4.4068638796291495
0.9548548548548548,4.391146487643887
0.9558558558558559,6.154071080495925
0.9568568568568568,6.491139371796763
0.9578578578578578,5.602350751755483
0.9588588588588588,5.067420380804913
0.9598598598598598,6.074489368697463
0.9608608608608609,4.923028493163192
0.9618618618618618,4.518662969500207
0.9628628628628628,5.400026614615845
0.9638638638638638,4.885334821249582
0.9648648648648649,5.10443171068072
0.9658658658658659,4.43025728483269
0.9668668668668668,4.4971132108738106
0.9678678678678678,4.139950766212829
0.9688688688688688,5.145828224080153
0.9698698698698699,3.9520322182636836
0.9708708708708709,5.479245930407228
0.9718718718718719,5.4486362332810305
0.9728728728728728,4.51199786119495
0.9738738738738738,4.1371697244843695
0.9748748748748749,4.24457823630374
0.9758758758758759,5.422622557560701
0.9768768768768769,4.567517891524268
0.9778778778778778,5.552343653696644
0.9788788788788788,4.962007797959714
0.9798798798798799,6.291646289245477
0.9808808808808809,4.844384410857008
0.9818818818818819,4.756995445839069
0.9828828828828828,5.362732037233615
0.9838838838838838,4.174560926251963
0.9848848848848849,5.360925320576574
0.9858858858858859,4.16065296098704
0.9868868868868869,4.14186993255442
0.9878878878878878,5.890699119374115
0.9888888888888888,4.827327835720561
0.9898898898898899,5.041334006634103
0.9908908908908909,4.351968549477441
0.9918918918918919,3.7948320395433495
0.9928928928928928,4.600602748430729
0.9938938938938938,4.724302069692438
0.9948948948948949,5.21144689965193
0.9958958958958959,5.115018648754199
0.9968968968968969,5.173351391457321
0.9978978978978978,4.559757995277483
0.9988988988988988,5.368514903051463
0.9998998998998999,5.448736134331332
1.000900900900901,5.803475750782206
1.001901901901902,4.776176090165386
1.0029029029029028,5.726870844336574
1.003903903903904,6.235917526363094
1.004904904904905,6.139104210741429
1.005905905905906,4.77444574032651
1.006906906906907,6.11513235731977
1.0079079079079079,4.534071309901213
1.008908908908909,6.329623179398116
1.00990990990991,5.296414894032923
1.010910910910911,3.9847589394876257
1.011911911911912,6.112761881650511
1.0129129129129129,4.994099386120944
1.013913913913914,5.48916581084323
1.014914914914915,4.989509907584184
1.015915915915916,3.806930126269115
1.016916916916917,6.691026636894927
1.0179179179179179,6.94536999978463
1.018918918918919,4.401543741605377
1.01991991991992,6.074924041309843
1.020920920920921,5.608557568139082
1.021921921921922,3.9330287744018255
1.0229229229229229,5.118685557027657
1.023923923923924,6.5045880491499055
1.024924924924925,4.94240622985835
1.025925925925926,4.225084303201813
1.026926926926927,4.808992481729076
1.0279279279279279,4.886094439847253
1.028928928928929,6.0955059765890685
1.02992992992993,4.338159120499565
1.030930930930931,5.793194353866317
1.031931931931932,6.468466803169107
1.0329329329329329,6.164153493123124
1.033933933933934,5.815794414384303
1.034934934934935,4.525909586349196
1.035935935935936,4.777244507165238
1.036936936936937,5.098242208035927
1.0379379379379379,4.456880516186181
1.038938938938939,4.4957611981137635
1.03993993993994,6.009925469120068
1.040940940940941,7.001563756845658
1.041941941941942,6.127634609972093
1.0429429429429429,4.4978415144909265
1.043943943943944,6.799853433719931
1.044944944944945,5.443241480024408
1.045945945945946,4.669763175157395
1.046946946946947,6.0211130243504645
1.0479479479479479,4.895963646933078
1.048948948948949,6.550004631475931
1.04994994994995,4.837431008257817
1.050950950950951,6.225681755374811
1.051951951951952,6.653103161063731
1.0529529529529529,6.227513166063801
1.053953953953954,5.0309627488848285
1.054954954954955,4.832125679007054
1.055955955955956,5.947816438203783
1.056956956956957,5.460405762025919
1.0579579579579579,5.887638437509683
1.058958958958959,5.892427882976027
1.05995995995996,4.317449684007348
1.060960960960961,5.135435089402821
1.061961961961962,5.870979050509183
1.0629629629629629,6.514032796219905
1.063963963963964,5.0454478028425145
1.064964964964965,4.40718342188625
1.065965965965966,5.14762548169147
1.066966966966967,4.911179414416696
1.067967967967968,5.608421897321385
1.068968968968969,6.426705016307926
1.06996996996997,5.533293426070392
1.070970970970971,4.864117984902658
1.071971971971972,7.282370993769448
1.072972972972973,6.025700033463107
1.073973973973974,5.849442145067149
1.074974974974975,5.40964402053879
1.075975975975976,6.317985497861628
1.076976976976977,5.14947984462788
1.077977977977978,4.833185981851682
1.078978978978979,5.044163433903458
1.07997997997998,5.19064319049099
1.080980980980981,5.943069060559112
1.081981981981982,5.735092712254084
1.082982982982983,5.417037533254539
1.083983983983984,6.901295428570625
1.084984984984985,6.205484474852373
1.085985985985986,5.787056118201337
1.086986986986987,5.462025205206819
1.087987987987988,7.593091996551951
1.088988988988989,6.632959333393036
1.08998998998999,5.647711793445246
1.090990990990991,6.82291657890773
1.091991991991992,7.361194465781854
1.0929929929929931,5.943758058465006
1.093993993993994,4.974764112371563
1.094994994994995,5.37329872158496
1.095995995995996,4.56371044952601
1.096996996996997,6.415677898697624
1.0979979979979981,6.7602653952846925
1.098998998998999,5.750018124714249
1.1,4.896508797310544
